px_true,py_true,vx_true,vy_true,yaw_true,px_estimate,py_estimate,vx_estimate,vy_estimate,yaw_estimate,Sensor Type,NIS
0.6000,0.6000,5.1999,0.0000,0.0000,0.3122,0.5803,5.0000,0.0000,0.0000,L,0.0000
0.8600,0.6000,5.1997,0.0018,0.0003,0.7677,0.5888,4.9372,1.0936,0.2180,R,1.1490
1.1200,0.6002,5.1994,0.0054,0.0010,1.0948,0.5653,5.0224,0.8347,0.1647,L,1.1748
1.3800,0.6006,5.1990,0.0108,0.0021,1.3130,0.5449,4.8993,0.6033,0.1225,R,2.7588
1.6399,0.6013,5.1984,0.0180,0.0035,1.5904,0.5882,4.9222,0.5546,0.1122,L,0.3365
1.8998,0.6025,5.1977,0.0269,0.0052,1.8386,0.5813,5.0974,0.3834,0.0751,R,1.9919
2.1597,0.6041,5.1968,0.0377,0.0073,2.1173,0.6097,5.1150,0.3744,0.0731,L,0.3920
2.4195,0.6063,5.1957,0.0502,0.0097,2.3405,0.6452,5.0702,0.5269,0.1035,R,1.8960
2.6793,0.6092,5.1945,0.0646,0.0124,2.6063,0.6701,5.0857,0.5052,0.0990,L,0.1363
2.9390,0.6128,5.1931,0.0807,0.0155,2.8758,0.6684,5.1425,0.3776,0.0733,R,0.4422
3.1987,0.6173,5.1915,0.0985,0.0190,3.1100,0.6773,5.1238,0.3447,0.0672,L,0.6107
3.4583,0.6227,5.1896,0.1182,0.0228,3.3961,0.6002,5.1853,-0.1139,-0.0220,R,3.3058
3.7177,0.6291,5.1875,0.1396,0.0269,3.6971,0.5238,5.2109,-0.5156,-0.0986,L,4.7398
3.9771,0.6367,5.1852,0.1627,0.0314,3.9758,0.5685,5.2771,-0.2377,-0.0450,R,2.7278
4.2363,0.6454,5.1826,0.1876,0.0362,4.2499,0.5614,5.2873,-0.2592,-0.0490,L,0.2040
4.4954,0.6555,5.1796,0.2142,0.0413,4.5118,0.5875,5.2774,-0.1351,-0.0256,R,0.8037
4.7544,0.6669,5.1763,0.2426,0.0468,4.7088,0.6757,5.1904,0.2384,0.0459,L,9.8927
5.0132,0.6798,5.1727,0.2726,0.0527,4.9644,0.6706,5.1653,0.1689,0.0327,R,1.8390
5.2717,0.6942,5.1687,0.3044,0.0588,5.2659,0.6676,5.2145,0.1257,0.0241,L,3.3678
5.5301,0.7103,5.1642,0.3379,0.0653,5.5239,0.6755,5.2294,0.1420,0.0272,R,1.6156
5.7883,0.7281,5.1593,0.3730,0.0722,5.8186,0.6892,5.2643,0.1666,0.0316,L,2.1692
6.0462,0.7476,5.1539,0.4098,0.0793,6.0654,0.6170,5.2302,-0.1291,-0.0247,R,3.8182
6.3038,0.7691,5.1480,0.4482,0.0868,6.3260,0.7245,5.2199,0.2502,0.0479,L,3.3897
6.5611,0.7925,5.1416,0.4883,0.0947,6.5794,0.7559,5.1958,0.3212,0.0617,R,0.5979
6.8181,0.8180,5.1345,0.5300,0.1029,6.8312,0.7528,5.1916,0.2730,0.0525,L,0.2228
7.0747,0.8456,5.1268,0.5733,0.1114,7.0801,0.7344,5.1546,0.1675,0.0325,R,3.6751
7.3309,0.8754,5.1185,0.6181,0.1202,7.3073,0.8201,5.1091,0.4188,0.0818,L,2.8156
7.5867,0.9074,5.1095,0.6645,0.1293,7.5930,0.8333,5.1608,0.4158,0.0804,R,4.0372
7.8420,0.9419,5.0997,0.7125,0.1388,7.8463,0.8073,5.1645,0.2858,0.0553,L,0.6126
8.0968,0.9788,5.0891,0.7619,0.1486,8.1003,0.8246,5.1373,0.2932,0.0570,R,2.7615
8.3511,1.0181,5.0777,0.8128,0.1587,8.3419,0.8415,5.1218,0.3083,0.0601,L,0.4524
8.6047,1.0601,5.0654,0.8652,0.1692,8.6038,0.9408,5.1329,0.5871,0.1139,R,6.3598
8.8578,1.1047,5.0522,0.9190,0.1799,8.8430,1.0014,5.1015,0.7130,0.1389,L,0.6516
9.1101,1.1521,5.0380,0.9742,0.1910,9.1270,1.0430,5.1300,0.7618,0.1474,R,6.7480
9.3617,1.2022,5.0228,1.0308,0.2024,9.3666,1.0730,5.1112,0.7744,0.1504,L,0.6597
9.6125,1.2552,5.0066,1.0887,0.2141,9.6400,1.1532,5.1164,0.9318,0.1801,R,4.4020
9.8625,1.3112,4.9892,1.1479,0.2261,9.9078,1.2883,5.0742,1.2419,0.2400,L,2.6786
10.1117,1.3701,4.9707,1.2084,0.2385,10.1568,1.3972,4.9991,1.4595,0.2841,R,4.2314
10.3598,1.4321,4.9511,1.2701,0.2511,10.3849,1.4733,4.9521,1.5463,0.3027,L,0.9495
10.6069,1.4972,4.9301,1.3330,0.2641,10.6184,1.5839,4.8488,1.7507,0.3465,R,3.9069
10.8530,1.5655,4.9079,1.3970,0.2773,10.8526,1.5973,4.8652,1.6247,0.3223,L,2.1098
11.0979,1.6370,4.8844,1.4621,0.2909,11.1157,1.6495,4.8923,1.5962,0.3154,R,2.0553
11.3416,1.7118,4.8595,1.5283,0.3047,11.3970,1.6752,4.9475,1.4843,0.2915,L,2.2370
11.5840,1.7899,4.8331,1.5955,0.3189,11.6312,1.7408,4.9083,1.5240,0.3011,R,1.1529
11.8251,1.8714,4.8053,1.6637,0.3333,11.8660,1.7964,4.8931,1.5192,0.3010,L,0.5371
12.0647,1.9564,4.7760,1.7327,0.3480,12.1167,1.8883,4.8932,1.5964,0.3154,R,1.0860
12.3029,2.0448,4.7451,1.8027,0.3631,12.3659,1.9010,4.9209,1.4468,0.2859,L,1.0408
12.5394,2.1368,4.7126,1.8734,0.3784,12.6200,1.9554,4.9468,1.4120,0.2781,R,0.9370
12.7743,2.2323,4.6784,1.9448,0.3940,12.8191,2.1000,4.8438,1.6730,0.3326,L,3.2554
13.0075,2.3314,4.6426,2.0170,0.4099,13.0785,2.2018,4.8699,1.7335,0.3420,R,3.4840
13.2388,2.4341,4.6050,2.0898,0.4260,13.2804,2.3493,4.7636,1.9640,0.3911,L,2.3033
13.4682,2.5405,4.5656,2.1632,0.4425,13.4615,2.5237,4.5645,2.2875,0.4646,R,10.3800
13.6955,2.6505,4.5245,2.2370,0.4592,13.7106,2.6237,4.5676,2.3134,0.4688,L,0.8238
13.9208,2.7643,4.4815,2.3113,0.4762,13.9293,2.7468,4.5045,2.4157,0.4923,R,0.1818
14.1439,2.8818,4.4366,2.3860,0.4934,14.1559,2.8916,4.4459,2.5482,0.5205,L,0.3038
14.3646,3.0030,4.3897,2.4610,0.5110,14.4053,2.9876,4.5135,2.4823,0.5028,R,1.7615
14.5830,3.1280,4.3410,2.5362,0.5288,14.6199,3.0529,4.5141,2.4002,0.4887,L,2.5109
14.7989,3.2568,4.2902,2.6116,0.5468,14.8469,3.2006,4.4949,2.4956,0.5068,R,3.7685
15.0122,3.3893,4.2374,2.6870,0.5651,15.0486,3.3939,4.3747,2.7325,0.5583,L,0.9479
15.2228,3.5256,4.1826,2.7625,0.5837,15.2568,3.5665,4.2662,2.9065,0.5981,R,2.3259
15.4306,3.6657,4.1257,2.8379,0.6025,15.4671,3.7487,4.1781,3.0643,0.6328,L,0.5554
15.6355,3.8096,4.0668,2.9131,0.6216,15.6810,3.8812,4.1588,3.0800,0.6375,R,1.0393
15.8375,3.9572,4.0057,2.9882,0.6409,15.9050,4.0168,4.1518,3.0936,0.6404,L,0.3162
16.0363,4.1085,3.9425,3.0629,0.6605,16.0987,4.1908,4.0167,3.2489,0.6801,R,1.6860
16.2319,4.2636,3.8772,3.1372,0.6803,16.2949,4.3810,3.9239,3.3838,0.7116,L,0.3114
16.4242,4.4224,3.8097,3.2111,0.7003,16.5060,4.5409,3.9089,3.4145,0.7180,R,0.7448
16.6130,4.5849,3.7400,3.2844,0.7206,16.6864,4.7094,3.8270,3.4878,0.7391,L,0.4129
16.7983,4.7510,3.6682,3.3570,0.7411,16.8320,4.9291,3.5311,3.7550,0.8161,R,4.2608
16.9799,4.9208,3.5942,3.4290,0.7619,16.9953,5.1475,3.3855,3.9050,0.8565,L,0.2604
17.1579,5.0941,3.5180,3.5001,0.7828,17.1640,5.3294,3.2853,3.9739,0.8800,R,1.8203
17.3319,5.2709,3.4396,3.5703,0.8040,17.3272,5.5063,3.2060,4.0163,0.8971,L,0.3578
17.5019,5.4513,3.3591,3.6395,0.8254,17.4805,5.6927,3.0782,4.0907,0.9257,R,3.4156
17.6679,5.6351,3.2764,3.7076,0.8471,17.6841,5.8113,3.1439,3.9904,0.9035,L,2.9654
17.8297,5.8222,3.1915,3.7746,0.8689,17.8193,6.0272,2.9396,4.1346,0.9527,R,0.9600
17.9872,6.0127,3.1045,3.8403,0.8909,17.9997,6.2041,2.9253,4.1378,0.9554,L,1.0183
18.1402,6.2064,3.0154,3.9046,0.9132,18.1452,6.4190,2.8248,4.2162,0.9805,R,0.5222
18.2888,6.4033,2.9242,3.9675,0.9356,18.2680,6.6446,2.6776,4.3153,1.0154,L,0.1761
18.4328,6.6033,2.8309,4.0289,0.9583,18.3956,6.8669,2.5448,4.3971,1.0461,R,0.1227
18.5720,6.8064,2.7356,4.0887,0.9811,18.5516,7.0061,2.5565,4.3222,1.0367,L,3.5752
18.7064,7.0124,2.6383,4.1467,1.0042,18.7008,7.2137,2.5588,4.3302,1.0371,R,0.6492
18.8359,7.2212,2.5389,4.2030,1.0274,18.9088,7.3459,2.6851,4.2049,1.0025,L,5.1167
18.9604,7.4328,2.4377,4.2574,1.0508,18.9861,7.5712,2.4011,4.3458,1.0660,R,4.4532
19.0798,7.6471,2.3345,4.3098,1.0744,19.0789,7.8157,2.2331,4.4499,1.1057,L,0.4466
19.1939,7.8640,2.2295,4.3602,1.0981,19.1976,8.0295,2.1739,4.4756,1.1186,R,0.4400
19.3028,8.0833,2.1227,4.4084,1.1221,19.2793,8.2392,2.0329,4.5145,1.1477,L,1.7409
19.4062,8.3050,2.0141,4.4544,1.1462,19.3768,8.4559,1.9776,4.5322,1.1594,R,2.5170
19.5042,8.5289,1.9038,4.4982,1.1704,19.4770,8.6093,1.9342,4.4734,1.1627,L,5.7692
19.5966,8.7549,1.7919,4.5396,1.1948,19.5614,8.8301,1.7917,4.5215,1.1935,R,0.8003
19.6835,8.9830,1.6784,4.5785,1.2194,19.7332,8.9934,1.9013,4.4402,1.1662,L,5.0383
19.7645,9.2129,1.5634,4.6149,1.2442,19.7972,9.2271,1.6874,4.5205,1.2135,R,1.0123
19.8398,9.4446,1.4470,4.6487,1.2690,19.9356,9.4339,1.7160,4.5081,1.2071,L,2.7529
19.9093,9.6779,1.3292,4.6798,1.2941,19.9691,9.6719,1.4129,4.5994,1.2728,R,2.6840
19.9728,9.9128,1.2100,4.7083,1.3192,20.0612,9.8949,1.3526,4.6168,1.2858,L,0.5194
20.0303,10.1489,1.0897,4.7339,1.3445,20.1203,10.1419,1.2663,4.6598,1.3055,R,6.7888
20.0818,10.3863,0.9683,4.7567,1.3700,20.1711,10.3954,1.1275,4.7141,1.3360,L,0.3078
20.1271,10.6247,0.8457,4.7765,1.3956,20.1804,10.6390,0.8450,4.7661,1.3953,R,2.6420
20.1663,10.8640,0.7223,4.7934,1.4212,20.2421,10.8937,0.7558,4.8029,1.4147,L,1.5645
20.1993,11.1041,0.5979,4.8073,1.4471,20.2725,11.1462,0.6544,4.8317,1.4362,R,4.8056
20.2261,11.3449,0.4727,4.8181,1.4730,20.3074,11.3795,0.5461,4.8371,1.4584,L,0.0605
20.2466,11.5861,0.3469,4.8257,1.4990,20.2455,11.6330,0.0762,4.8624,1.5551,R,9.5907
20.2608,11.8275,0.2204,4.8303,1.5252,20.3185,11.8671,0.0746,4.8601,1.5555,L,5.0670
20.2687,12.0692,0.0935,4.8316,1.5514,20.3495,12.1023,0.1438,4.8551,1.5412,R,4.3367
20.2701,12.3108,-0.0339,4.8297,1.5778,20.3400,12.3736,-0.0125,4.8872,1.5734,L,0.8470
20.2652,12.5522,-0.1615,4.8245,1.6043,20.2866,12.6140,-0.3571,4.8667,1.6440,R,2.7611
20.2540,12.7933,-0.2894,4.8161,1.6308,20.3114,12.8518,-0.4084,4.8569,1.6547,L,1.9976
20.2363,13.0339,-0.4173,4.8043,1.6574,20.2986,13.0867,-0.5282,4.8370,1.6796,R,2.1362
20.2122,13.2738,-0.5453,4.7892,1.6842,20.2603,13.3036,-0.6830,4.7921,1.7124,L,1.1715
20.1818,13.5129,-0.6731,4.7707,1.7110,20.2222,13.5404,-0.7793,4.7753,1.7326,R,1.4051
20.1449,13.7509,-0.8008,4.7489,1.7378,20.2049,13.7915,-0.8634,4.7720,1.7498,L,1.2550
20.1017,13.9878,-0.9280,4.7237,1.7648,20.1471,14.0216,-1.0496,4.7279,1.7893,R,0.8005
20.0521,14.2233,-1.0549,4.6952,1.7918,20.0944,14.2693,-1.1793,4.7102,1.8161,L,0.2778
19.9962,14.4573,-1.1812,4.6633,1.8189,20.0225,14.4993,-1.3151,4.6712,1.8452,R,1.3912
19.9340,14.6897,-1.3069,4.6280,1.8460,19.9174,14.7443,-1.5165,4.6323,1.8872,L,1.0984
19.8655,14.9202,-1.4318,4.5894,1.8732,19.8506,14.9664,-1.5597,4.6047,1.8974,R,3.4381
19.7908,15.1486,-1.5558,4.5475,1.9004,19.8194,15.1894,-1.5868,4.5743,1.9047,L,2.2563
19.7099,15.3749,-1.6789,4.5023,1.9277,19.6826,15.3978,-2.0276,4.3949,2.0031,R,7.3315
19.6229,15.5989,-1.8008,4.4537,1.9550,19.6457,15.5962,-2.0570,4.3341,2.0139,L,4.1050
19.5298,15.8203,-1.9216,4.4019,1.9824,19.5508,15.8070,-2.1423,4.2821,2.0347,R,1.5895
19.4307,16.0390,-2.0411,4.3469,2.0098,19.4473,16.0168,-2.2665,4.2119,2.0645,L,0.0450
19.3257,16.2549,-2.1592,4.2887,2.0372,19.3456,16.2298,-2.2853,4.1965,2.0695,R,2.0659
19.2148,16.4679,-2.2759,4.2273,2.0647,19.2340,16.4103,-2.3974,4.0990,2.1000,L,1.0232
19.0981,16.6777,-2.3909,4.1628,2.0921,19.1131,16.6103,-2.5155,4.0234,2.1296,R,0.3228
18.9757,16.8841,-2.5042,4.0953,2.1196,18.9875,16.8139,-2.6240,3.9570,2.1563,L,0.0449
18.8477,17.0872,-2.6157,4.0248,2.1471,18.8299,17.0024,-2.9064,3.7672,2.2279,R,5.9542
18.7142,17.2866,-2.7253,3.9513,2.1746,18.6652,17.2215,-3.0567,3.6990,2.2614,L,1.5511
18.5752,17.4822,-2.8330,3.8749,2.2021,18.5623,17.4339,-2.9075,3.8017,2.2237,R,6.3552
18.4309,17.6740,-2.9386,3.7957,2.2296,18.3576,17.6157,-3.0936,3.6873,2.2689,L,3.7383
18.2814,17.8617,-3.0420,3.7137,2.2571,18.2196,17.8096,-3.0710,3.7000,2.2636,R,1.8149
18.1268,18.0453,-3.1432,3.6291,2.2846,18.0903,17.9994,-3.1082,3.6556,2.2754,L,0.8791
17.9671,18.2246,-3.2420,3.5418,2.3120,17.9110,18.1527,-3.2997,3.4730,2.3306,R,2.5107
17.8026,18.3994,-3.3385,3.4520,2.3395,17.7747,18.3039,-3.3447,3.3766,2.3514,L,1.2942
17.6334,18.5697,-3.4325,3.3597,2.3669,17.6377,18.4884,-3.3581,3.3529,2.3570,R,6.5167
17.4595,18.7353,-3.5239,3.2651,2.3943,17.4519,18.6635,-3.4578,3.2782,2.3829,L,0.3399
17.2810,18.8962,-3.6127,3.1682,2.4217,17.2675,18.8052,-3.5882,3.1229,2.4254,R,1.9819
17.0983,19.0521,-3.6988,3.0690,2.4490,17.1037,18.9453,-3.6456,3.0184,2.4500,L,0.4805
16.9113,19.2030,-3.7822,2.9678,2.4763,16.9360,19.1158,-3.6800,2.9837,2.4603,R,2.8833
16.7201,19.3488,-3.8628,2.8646,2.5035,16.7212,19.2292,-3.7986,2.8237,2.5024,L,2.8222
16.5251,19.4894,-3.9405,2.7594,2.5307,16.5322,19.3804,-3.8808,2.7259,2.5292,R,3.1849
16.3262,19.6246,-4.0153,2.6524,2.5578,16.3166,19.5331,-3.9746,2.6423,2.5549,L,0.7621
16.1237,19.7545,-4.0872,2.5436,2.5849,16.0913,19.6164,-4.1131,2.3998,2.6134,R,10.1116
15.9176,19.8789,-4.1560,2.4333,2.6119,15.8893,19.7564,-4.1728,2.3198,2.6342,L,0.7563
15.7082,19.9978,-4.2218,2.3214,2.6389,15.6983,19.8853,-4.1488,2.3363,2.6287,R,3.1966
15.4956,20.1110,-4.2846,2.2081,2.6657,15.4770,20.0325,-4.2149,2.2857,2.6447,L,1.3459
15.2799,20.2185,-4.3443,2.0935,2.6925,15.2696,20.1711,-4.2492,2.2492,2.6548,R,5.6114
15.0613,20.3203,-4.4008,1.9776,2.7193,15.0793,20.3066,-4.2651,2.2100,2.6635,L,1.7143
14.8400,20.4162,-4.4542,1.8607,2.7459,14.8494,20.3863,-4.3585,2.0172,2.7081,R,2.3059
14.6161,20.5063,-4.5044,1.7427,2.7724,14.6349,20.5058,-4.3979,1.9521,2.7239,L,0.6199
14.3897,20.5904,-4.5515,1.6239,2.7989,14.4019,20.5890,-4.4863,1.7626,2.7672,R,1.3632
14.1611,20.6686,-4.5954,1.5042,2.8253,14.1561,20.6617,-4.5553,1.6124,2.8014,L,0.8277
13.9304,20.7408,-4.6361,1.3839,2.8515,13.9226,20.7309,-4.6186,1.4325,2.8408,R,0.2946
13.6977,20.8070,-4.6736,1.2629,2.8777,13.6534,20.7899,-4.6993,1.2659,2.8785,L,2.0364
13.4632,20.8671,-4.7079,1.1415,2.9037,13.4097,20.8179,-4.7684,0.9739,2.9401,R,1.8273
13.2271,20.9211,-4.7390,1.0197,2.9296,13.1603,20.8579,-4.8083,0.8026,2.9762,L,0.1919
12.9895,20.9690,-4.7670,0.8977,2.9555,12.9314,20.9177,-4.8154,0.7268,2.9918,R,1.9045
12.7506,21.0108,-4.7919,0.7755,2.9812,12.7194,20.9661,-4.8077,0.6172,3.0139,L,1.6965
12.5106,21.0465,-4.8136,0.6532,3.0067,12.4726,21.0056,-4.8324,0.4961,3.0393,R,2.6712
12.2695,21.0761,-4.8322,0.5309,3.0322,12.2245,21.0428,-4.8553,0.3794,3.0636,L,0.2686
12.0276,21.0996,-4.8477,0.4088,3.0575,11.9876,21.0626,-4.8613,0.2319,3.0939,R,0.8606
11.7850,21.1170,-4.8602,0.2869,3.0826,11.7394,21.0340,-4.8612,0.0105,3.1394,L,1.7052
11.5418,21.1283,-4.8697,0.1653,3.1077,11.4943,21.0208,-4.8573,-0.1502,3.1725,R,1.0427
11.2982,21.1335,-4.8762,0.0441,3.1325,11.2694,21.0172,-4.8347,-0.2823,-3.0833,L,0.5987
11.0544,21.1327,-4.8798,-0.0766,-3.1259,11.0184,20.9781,-4.8252,-0.4678,-3.0449,R,4.0852
10.8105,21.1259,-4.8805,-0.1966,-3.1013,10.7985,20.9425,-4.7825,-0.6325,-3.0101,L,0.4758
10.5666,21.1131,-4.8784,-0.3160,-3.0769,10.5475,20.9470,-4.7919,-0.5806,-3.0210,R,5.7570
10.3229,21.0943,-4.8735,-0.4347,-3.0526,10.2757,20.9759,-4.8348,-0.5797,-3.0223,L,3.5062
10.0795,21.0697,-4.8658,-0.5525,-3.0285,10.0359,20.9572,-4.8232,-0.6705,-3.0035,R,0.9833
9.8366,21.0391,-4.8555,-0.6693,-3.0046,9.8294,20.9240,-4.7698,-0.7799,-2.9795,L,1.6365
9.5942,21.0028,-4.8426,-0.7852,-2.9808,9.5871,20.9205,-4.7747,-0.7128,-2.9934,R,1.6721
9.3526,20.9607,-4.8271,-0.9000,-2.9573,9.3841,20.8734,-4.7175,-0.8265,-2.9682,L,1.3110
9.1118,20.9128,-4.8092,-1.0136,-2.9339,9.1568,20.8317,-4.6896,-0.9481,-2.9421,R,1.6227
8.8719,20.8594,-4.7888,-1.1260,-2.9106,8.8806,20.7989,-4.7238,-1.0091,-2.9311,L,1.7729
8.6331,20.8003,-4.7661,-1.2372,-2.8876,8.6604,20.7181,-4.6670,-1.2002,-2.8899,R,4.7463
8.3956,20.7358,-4.7411,-1.3470,-2.8648,8.3970,20.6325,-4.6621,-1.3484,-2.8600,L,2.7236
8.1593,20.6657,-4.7139,-1.4554,-2.8421,8.1683,20.5506,-4.6130,-1.5130,-2.8247,R,0.2117
7.9244,20.5903,-4.6845,-1.5624,-2.8197,7.9297,20.4706,-4.5845,-1.6272,-2.8005,L,0.1231
7.6911,20.5096,-4.6531,-1.6678,-2.7974,7.7139,20.3822,-4.5091,-1.8176,-2.7584,R,3.5634
7.4594,20.4237,-4.6198,-1.7717,-2.7754,7.4244,20.3228,-4.5626,-1.8594,-2.7546,L,3.6770
7.2294,20.3326,-4.5845,-1.8740,-2.7536,7.1955,20.2250,-4.5184,-1.9673,-2.7309,R,0.2294
7.0012,20.2364,-4.5474,-1.9746,-2.7319,6.9368,20.1435,-4.5254,-2.0322,-2.7195,L,0.9563
6.7749,20.1352,-4.5085,-2.0736,-2.7105,6.7124,20.0512,-4.4891,-2.0984,-2.7043,R,0.3791
6.5506,20.0292,-4.4680,-2.1708,-2.6893,6.4652,19.9622,-4.4843,-2.1580,-2.6931,L,0.4982
6.3283,19.9183,-4.4260,-2.2663,-2.6684,6.2484,19.8674,-4.4352,-2.2380,-2.6743,R,2.6880
6.1082,19.8027,-4.3824,-2.3599,-2.6476,5.9891,19.7765,-4.4535,-2.2774,-2.6689,L,1.1353
5.8903,19.6824,-4.3374,-2.4518,-2.6271,5.7722,19.6258,-4.3416,-2.5179,-2.6160,R,2.2317
5.6747,19.5577,-4.2911,-2.5418,-2.6068,5.5811,19.5041,-4.2497,-2.6195,-2.5892,L,0.9014
5.4615,19.4284,-4.2436,-2.6299,-2.5868,5.3827,19.3532,-4.1458,-2.7726,-2.5521,R,1.6561
5.2506,19.2948,-4.1949,-2.7162,-2.5670,5.1628,19.2531,-4.1282,-2.7990,-2.5458,L,1.8846
5.0422,19.1570,-4.1451,-2.8006,-2.5474,4.9618,19.1432,-4.1086,-2.7807,-2.5466,R,4.5327
4.8363,19.0150,-4.0943,-2.8830,-2.5281,4.7892,18.9908,-3.9910,-2.9027,-2.5128,L,0.6138
4.6330,18.8689,-4.0426,-2.9636,-2.5090,4.5862,18.8397,-3.9114,-3.0310,-2.4823,R,1.4574
4.4322,18.7188,-3.9901,-3.0422,-2.4902,4.4012,18.7074,-3.8431,-3.0891,-2.4645,L,1.0587
4.2342,18.5648,-3.9369,-3.1189,-2.4716,4.2095,18.5675,-3.8183,-3.0926,-2.4608,R,1.4199
4.0388,18.4071,-3.8829,-3.1936,-2.4533,4.0733,18.4083,-3.6641,-3.2003,-2.4236,L,2.2642
3.8461,18.2457,-3.8284,-3.2664,-2.4352,3.9022,18.2319,-3.4904,-3.4205,-2.3663,R,6.7934
3.6561,18.0807,-3.7734,-3.3373,-2.4174,3.6574,18.0942,-3.5558,-3.4226,-2.3753,L,2.7383
3.4689,17.9122,-3.7179,-3.4063,-2.3999,3.4834,17.9448,-3.5323,-3.4057,-2.3744,R,3.4509
3.2845,17.7402,-3.6622,-3.4733,-2.3827,3.2644,17.7807,-3.5446,-3.4439,-2.3706,L,1.1684
3.1029,17.5650,-3.6061,-3.5384,-2.3657,3.0955,17.5946,-3.4024,-3.6074,-2.3270,R,2.4596
2.9241,17.3866,-3.5498,-3.6017,-2.3489,2.9067,17.4782,-3.4146,-3.5675,-2.3343,L,6.0639
2.7480,17.2051,-3.4934,-3.6630,-2.3325,2.7774,17.2577,-3.1624,-3.8062,-2.2641,R,3.0427
2.5749,17.0205,-3.4370,-3.7225,-2.3163,2.6031,17.0731,-3.1037,-3.8688,-2.2469,L,0.1587
2.4045,16.8330,-3.3806,-3.7801,-2.3005,2.4302,16.9080,-3.1341,-3.8125,-2.2589,R,2.2024
2.2369,16.6427,-3.3243,-3.8360,-2.2849,2.2625,16.7363,-3.0961,-3.8402,-2.2493,L,0.5148
2.0722,16.4497,-3.2681,-3.8900,-2.2695,2.0848,16.5434,-3.1073,-3.8406,-2.2510,R,4.9860
1.9103,16.2540,-3.2122,-3.9422,-2.2545,1.9351,16.3142,-2.9990,-3.9533,-2.2198,L,2.3578
1.7511,16.0557,-3.1566,-3.9926,-2.2398,1.7678,16.1393,-3.0241,-3.9170,-2.2283,R,0.8954
1.5947,15.8549,-3.1013,-4.0413,-2.2253,1.5620,15.9754,-3.1039,-3.8800,-2.2455,L,1.5663
1.4411,15.6517,-3.0464,-4.0883,-2.2112,1.4493,15.7403,-2.8594,-4.0835,-2.1817,R,2.4441
1.2902,15.4463,-2.9921,-4.1336,-2.1973,1.2798,15.5259,-2.8335,-4.1360,-2.1714,L,0.9935
1.1420,15.2386,-2.9383,-4.1773,-2.1838,1.1220,15.3334,-2.8215,-4.1430,-2.1687,R,0.8846
0.9965,15.0288,-2.8850,-4.2193,-2.1705,0.9157,15.1220,-2.8917,-4.1576,-2.1785,L,2.8319
0.8536,14.8169,-2.8325,-4.2598,-2.1576,0.7597,14.9403,-2.9218,-4.1101,-2.1888,R,1.9363
0.7133,14.6030,-2.7806,-4.2986,-2.1450,0.6512,14.7234,-2.7864,-4.1815,-2.1586,L,0.4925
0.5756,14.3872,-2.7295,-4.3360,-2.1326,0.5502,14.4799,-2.5618,-4.3397,-2.1041,R,2.0715
0.4405,14.1696,-2.6792,-4.3718,-2.1206,0.3786,14.2618,-2.5844,-4.3641,-2.1055,L,1.1058
0.3078,13.9502,-2.6298,-4.4062,-2.1089,0.2771,14.0097,-2.3313,-4.5412,-2.0451,R,3.5367
0.1775,13.7292,-2.5813,-4.4391,-2.0975,0.2532,13.7545,-2.0024,-4.6530,-1.9772,L,3.0049
0.0497,13.5065,-2.5338,-4.4706,-2.0864,0.1625,13.5130,-1.8248,-4.7429,-1.9381,R,0.9705
-0.0758,13.2823,-2.4873,-4.5008,-2.0757,-0.0068,13.2882,-1.9098,-4.7513,-1.9530,L,2.1596
-0.1990,13.0566,-2.4418,-4.5296,-2.0652,-0.1268,13.0692,-1.9257,-4.7286,-1.9575,R,1.0845
-0.3199,12.8295,-2.3974,-4.5570,-2.0551,-0.1400,12.8347,-1.6239,-4.7904,-1.8976,L,2.6222
-0.4387,12.6011,-2.3541,-4.5833,-2.0453,-0.2670,12.6102,-1.7084,-4.7498,-1.9161,R,3.9343
-0.5553,12.3714,-2.3120,-4.6082,-2.0358,-0.3912,12.3763,-1.7271,-4.7620,-1.9187,L,0.4847
-0.6698,12.1404,-2.2711,-4.6320,-2.0267,-0.5295,12.1677,-1.8413,-4.7061,-1.9437,R,3.7283
-0.7823,11.9083,-2.2314,-4.6546,-2.0178,-0.6115,11.9454,-1.7628,-4.7192,-1.9283,L,0.4877
-0.8929,11.6751,-2.1930,-4.6760,-2.0093,-0.7479,11.7190,-1.8549,-4.6934,-1.9472,R,2.5960
-1.0016,11.4409,-2.1559,-4.6963,-2.0012,-0.9442,11.4842,-2.0734,-4.6568,-1.9897,L,3.6971
-1.1085,11.2057,-2.1202,-4.7155,-1.9933,-1.0641,11.2565,-2.1492,-4.6106,-2.0070,R,2.2701
-1.2136,10.9695,-2.0858,-4.7336,-1.9858,-1.2394,11.0352,-2.3028,-4.5656,-2.0379,L,1.5198
-1.3171,10.7324,-2.0527,-4.7508,-1.9787,-1.3038,10.7858,-2.0632,-4.6908,-1.9852,R,2.2150
-1.4189,10.4945,-2.0211,-4.7669,-1.9718,-1.4287,10.5359,-2.0748,-4.7141,-1.9854,L,0.9540
-1.5192,10.2559,-1.9909,-4.7820,-1.9653,-1.5038,10.2737,-1.8892,-4.8160,-1.9446,R,2.0346
-1.6180,10.0165,-1.9622,-4.7962,-1.9591,-1.6072,10.0607,-1.8791,-4.7988,-1.9440,L,1.6170
-1.7154,9.7764,-1.9350,-4.8094,-1.9533,-1.6986,9.8286,-1.8477,-4.7995,-1.9383,R,0.3855
-1.8115,9.5356,-1.9092,-4.8217,-1.9478,-1.7766,9.6043,-1.7797,-4.8023,-1.9257,L,0.7124
-1.9063,9.2943,-1.8850,-4.8332,-1.9427,-1.8772,9.3552,-1.7075,-4.8555,-1.9089,R,2.5969
-2.0000,9.0524,-1.8623,-4.8437,-1.9379,-1.9501,9.0667,-1.6015,-4.9298,-1.8849,L,4.5186
-2.0926,8.8100,-1.8412,-4.8535,-1.9334,-2.0425,8.8409,-1.6371,-4.8951,-1.8935,R,1.6410
-2.1841,8.5672,-1.8216,-4.8624,-1.9293,-2.1370,8.5896,-1.6223,-4.9141,-1.8897,L,0.2138
-2.2747,8.3239,-1.8037,-4.8705,-1.9255,-2.2615,8.3399,-1.6904,-4.9189,-1.9018,R,2.9379
-2.3645,8.0802,-1.7873,-4.8778,-1.9220,-2.3122,8.1008,-1.5730,-4.9336,-1.8794,L,0.6629
-2.4535,7.8362,-1.7725,-4.8843,-1.9189,-2.3834,7.8820,-1.5476,-4.9069,-1.8763,R,5.3320
-2.5418,7.5918,-1.7593,-4.8901,-1.9162,-2.4946,7.6331,-1.5944,-4.9138,-1.8846,L,0.6673
-2.6294,7.3472,-1.7478,-4.8951,-1.9137,-2.6643,7.4013,-1.8856,-4.8281,-1.9431,R,5.1541
-2.7166,7.1024,-1.7379,-4.8993,-1.9117,-2.7678,7.1477,-1.9023,-4.8396,-1.9453,L,0.4132
-2.8033,6.8573,-1.7296,-4.9029,-1.9099,-2.8259,6.9088,-1.7489,-4.8823,-1.9148,R,1.8443
-2.8896,6.6121,-1.7230,-4.9057,-1.9086,-2.8762,6.6917,-1.6579,-4.8664,-1.8991,L,2.5622
-2.9756,6.3668,-1.7180,-4.9077,-1.9075,-2.9510,6.4628,-1.7145,-4.8157,-1.9128,R,4.0947
-3.0614,6.1214,-1.7146,-4.9091,-1.9068,-3.0079,6.2230,-1.6443,-4.8233,-1.8993,L,0.6339
-3.1471,5.8759,-1.7130,-4.9098,-1.9065,-3.1198,5.9784,-1.6735,-4.8374,-1.9039,R,3.0496
-3.2327,5.6304,-1.7129,-4.9097,-1.9065,-3.1976,5.7087,-1.6398,-4.8748,-1.8953,L,1.6466
-3.3184,5.3850,-1.7146,-4.9089,-1.9068,-3.3063,5.4630,-1.7676,-4.8392,-1.9210,R,1.8726
-3.4042,5.1395,-1.7179,-4.9074,-1.9075,-3.4012,5.2055,-1.7808,-4.8549,-1.9224,L,0.5648
-3.4903,4.8942,-1.7228,-4.9052,-1.9086,-3.4656,4.9575,-1.6709,-4.8903,-1.9000,R,0.4598
-3.5766,4.6490,-1.7294,-4.9023,-1.9099,-3.5739,4.6874,-1.7059,-4.9204,-1.9045,L,2.1844
-3.6633,4.4040,-1.7376,-4.8987,-1.9117,-3.6812,4.4378,-1.8304,-4.8863,-1.9292,R,1.9922
-3.7504,4.1591,-1.7475,-4.8943,-1.9137,-3.8103,4.1749,-1.9114,-4.8986,-1.9428,L,2.7954
-3.8381,3.9145,-1.7590,-4.8892,-1.9162,-3.8904,3.9316,-1.8173,-4.9274,-1.9241,R,1.2873
-3.9263,3.6702,-1.7721,-4.8833,-1.9189,-3.9660,3.6937,-1.7896,-4.9192,-1.9197,L,0.5536
-4.0153,3.4262,-1.7869,-4.8767,-1.9220,-4.0717,3.4826,-1.8972,-4.8462,-1.9439,R,3.8072
-4.1051,3.1825,-1.8032,-4.8692,-1.9255,-4.1641,3.2374,-1.9033,-4.8458,-1.9451,L,0.0254
-4.1957,2.9392,-1.8211,-4.8610,-1.9293,-4.2766,2.9875,-1.9882,-4.8303,-1.9613,R,0.6240
-4.2873,2.6963,-1.8406,-4.8520,-1.9334,-4.3653,2.7177,-1.9754,-4.8622,-1.9567,L,1.5519
-4.3798,2.4539,-1.8617,-4.8422,-1.9379,-4.4515,2.4667,-1.9255,-4.8843,-1.9463,R,0.3127
-4.4735,2.2120,-1.8844,-4.8315,-1.9427,-4.5541,2.2057,-1.9363,-4.9043,-1.9468,L,0.8277
-4.5684,1.9707,-1.9085,-4.8199,-1.9478,-4.6650,1.9754,-2.0979,-4.8280,-1.9807,R,3.5846
-4.6644,1.7300,-1.9342,-4.8075,-1.9533,-4.7791,1.7087,-2.1294,-4.8514,-1.9844,L,1.9368
-4.7619,1.4899,-1.9614,-4.7942,-1.9591,-4.9015,1.4640,-2.2300,-4.8201,-2.0041,R,0.4254
-4.8607,1.2505,-1.9901,-4.7799,-1.9653,-4.9660,1.2218,-2.1861,-4.8121,-1.9972,L,4.7672
-4.9609,1.0118,-2.0202,-4.7647,-1.9718,-5.0630,0.9965,-2.1624,-4.7943,-1.9945,R,1.0638
-5.0628,0.7739,-2.0517,-4.7485,-1.9787,-5.1275,0.7562,-2.1145,-4.7898,-1.9865,L,4.0473
-5.1662,0.5369,-2.0847,-4.7313,-1.9858,-5.2172,0.4716,-2.1028,-4.8440,-1.9804,R,5.4595
-5.2713,0.3007,-2.1191,-4.7130,-1.9933,-5.2936,0.2263,-2.0721,-4.8444,-1.9750,L,1.5504
-5.3782,0.0655,-2.1548,-4.6937,-2.0012,-5.4024,-0.0129,-2.0193,-4.8614,-1.9645,R,21.2645
-5.4869,-0.1688,-2.1918,-4.6733,-2.0093,-5.4733,-0.2578,-1.9703,-4.8672,-1.9554,L,1.6561
-5.5975,-0.4020,-2.2301,-4.6518,-2.0178,-5.5976,-0.4502,-2.0826,-4.7715,-1.9823,R,3.9702
-5.7100,-0.6341,-2.2697,-4.6292,-2.0267,-5.7375,-0.6420,-2.1965,-4.6803,-2.0096,L,2.8981
-5.8246,-0.8650,-2.3106,-4.6054,-2.0358,-5.8542,-0.8646,-2.3339,-4.6120,-2.0393,R,5.1261
-5.9412,-1.0947,-2.3526,-4.5803,-2.0453,-5.9479,-1.1276,-2.3043,-4.6562,-2.0304,L,1.3802
-6.0599,-1.3232,-2.3958,-4.5540,-2.0551,-6.0335,-1.3917,-2.2515,-4.7058,-2.0171,R,2.8368
-6.1809,-1.5503,-2.4401,-4.5265,-2.0652,-6.1742,-1.6003,-2.3521,-4.6379,-2.0402,L,1.0246
-6.3041,-1.7759,-2.4855,-4.4976,-2.0757,-6.3219,-1.8224,-2.5762,-4.5395,-2.0870,R,3.5639
-6.4295,-2.0001,-2.5320,-4.4674,-2.0864,-6.4273,-2.0699,-2.5684,-4.5581,-2.0839,L,0.6971
-6.5574,-2.2228,-2.5795,-4.4359,-2.0975,-6.5804,-2.2730,-2.6599,-4.4833,-2.1063,R,2.8800
-6.6876,-2.4439,-2.6279,-4.4029,-2.1089,-6.7319,-2.4822,-2.7570,-4.4162,-2.1289,L,0.2940
-6.8203,-2.6632,-2.6772,-4.3685,-2.1206,-6.8898,-2.6902,-2.8624,-4.3455,-2.1533,R,0.8867
-6.9555,-2.8808,-2.7274,-4.3326,-2.1326,-6.9769,-2.9594,-2.7629,-4.4422,-2.1272,L,3.0592
-7.0932,-3.0966,-2.7784,-4.2952,-2.1450,-7.1047,-3.1858,-2.7473,-4.4438,-2.1245,R,0.3272
-7.2334,-3.3105,-2.8302,-4.2563,-2.1576,-7.2296,-3.3875,-2.7792,-4.3929,-2.1349,L,1.3668
-7.3763,-3.5224,-2.8827,-4.2159,-2.1705,-7.3740,-3.6305,-2.7981,-4.4111,-2.1361,R,4.4977
-7.5218,-3.7322,-2.9358,-4.1738,-2.1838,-7.5383,-3.7779,-2.9481,-4.2392,-2.1785,L,4.6365
-7.6700,-3.9399,-2.9895,-4.1301,-2.1973,-7.6839,-3.9852,-3.0023,-4.1984,-2.1916,R,0.4497
-7.8209,-4.1454,-3.0438,-4.0848,-2.2112,-7.8353,-4.2124,-3.0338,-4.1979,-2.1966,L,0.4862
-7.9746,-4.3485,-3.0986,-4.0378,-2.2253,-7.9855,-4.4298,-3.0581,-4.1864,-2.2017,R,0.4034
-8.1310,-4.5493,-3.1538,-3.9891,-2.2398,-8.1425,-4.6657,-3.0812,-4.2040,-2.2033,L,1.2566
-8.2901,-4.7476,-3.2093,-3.9386,-2.2545,-8.2764,-4.8821,-2.9958,-4.2340,-2.1866,R,2.4880
-8.4520,-4.9433,-3.2651,-3.8864,-2.2695,-8.4053,-5.1049,-2.9665,-4.2543,-2.1797,L,0.2826
-8.6168,-5.1364,-3.3212,-3.8324,-2.2849,-8.5480,-5.2885,-2.9451,-4.2141,-2.1808,R,4.1581
-8.7843,-5.3267,-3.3774,-3.7766,-2.3005,-8.7426,-5.4805,-3.0748,-4.1313,-2.2106,L,1.7114
-8.9547,-5.5142,-3.4338,-3.7190,-2.3163,-8.8978,-5.6843,-3.0846,-4.1155,-2.2140,R,0.3690
-9.1279,-5.6987,-3.4901,-3.6596,-2.3325,-9.0572,-5.8707,-3.1333,-4.0611,-2.2279,L,0.2805
-9.3039,-5.8803,-3.5464,-3.5982,-2.3489,-9.1899,-6.0476,-3.0795,-4.0359,-2.2226,R,6.8899
-9.4827,-6.0587,-3.6026,-3.5350,-2.3657,-9.3825,-6.1504,-3.2581,-3.8076,-2.2786,L,6.2889
-9.6643,-6.2339,-3.6586,-3.4699,-2.3827,-9.5542,-6.3377,-3.2953,-3.7728,-2.2887,R,0.8670
-9.8487,-6.4058,-3.7143,-3.4029,-2.3999,-9.6934,-6.5445,-3.2585,-3.8069,-2.2787,L,0.3062
-10.0359,-6.5743,-3.7697,-3.3340,-2.4174,-9.9214,-6.6946,-3.4739,-3.6335,-2.3337,R,6.8018
-10.2259,-6.7393,-3.8246,-3.2632,-2.4352,-10.1306,-6.8491,-3.6007,-3.5071,-2.3694,L,0.5662
-10.4186,-6.9008,-3.8791,-3.1905,-2.4533,-10.3166,-7.0090,-3.6768,-3.4238,-2.3918,R,1.0991
-10.6140,-7.0585,-3.9329,-3.1158,-2.4716,-10.5479,-7.1765,-3.8111,-3.3168,-2.4254,L,3.0539
-10.8121,-7.2124,-3.9861,-3.0392,-2.4902,-10.7586,-7.3120,-3.9246,-3.1734,-2.4616,R,1.9076
-11.0128,-7.3625,-4.0386,-2.9606,-2.5090,-11.0041,-7.4628,-4.0665,-3.0377,-2.5000,L,3.0602
-11.2161,-7.5086,-4.0902,-2.8802,-2.5281,-11.1981,-7.6005,-4.1048,-2.9449,-2.5193,R,1.3468
-11.4220,-7.6506,-4.1409,-2.7978,-2.5474,-11.3425,-7.7662,-4.0387,-2.9838,-2.5053,L,3.7046
-11.6304,-7.7885,-4.1907,-2.7135,-2.5670,-11.5439,-7.8895,-4.0976,-2.8630,-2.5317,R,1.9750
-11.8413,-7.9221,-4.2393,-2.6273,-2.5868,-11.7274,-7.9962,-4.1371,-2.7359,-2.5573,L,3.6049
-12.0546,-8.0513,-4.2868,-2.5392,-2.6068,-11.9313,-8.1044,-4.1789,-2.5904,-2.5867,R,2.3748
-12.2702,-8.1761,-4.3331,-2.4493,-2.6271,-12.1486,-8.1933,-4.2657,-2.4116,-2.6270,L,0.8005
-12.4881,-8.2963,-4.3780,-2.3576,-2.6476,-12.3726,-8.3143,-4.3404,-2.3425,-2.6467,R,2.2662
-12.7082,-8.4119,-4.4216,-2.2640,-2.6684,-12.5768,-8.3962,-4.3888,-2.1869,-2.6793,L,2.1632
-12.9304,-8.5228,-4.4636,-2.1686,-2.6893,-12.7967,-8.4691,-4.4458,-1.9825,-2.7221,R,1.9762
-13.1547,-8.6289,-4.5041,-2.0715,-2.7105,-13.0640,-8.5579,-4.5549,-1.8158,-2.7623,L,3.0593
-13.3810,-8.7300,-4.5429,-1.9727,-2.7319,-13.3104,-8.6517,-4.6217,-1.7285,-2.7837,R,2.4730
-13.6092,-8.8262,-4.5800,-1.8721,-2.7536,-13.5302,-8.7005,-4.6630,-1.5371,-2.8232,L,1.9070
-13.8392,-8.9173,-4.6152,-1.7700,-2.7754,-13.7649,-8.7193,-4.7168,-1.2222,-2.8880,R,3.5658
-14.0709,-9.0032,-4.6486,-1.6662,-2.7974,-13.9766,-8.8502,-4.6964,-1.3027,-2.8710,L,1.3626
-14.3043,-9.0840,-4.6800,-1.5609,-2.8197,-14.2185,-8.9473,-4.7252,-1.3412,-2.8650,R,2.8994
-14.5391,-9.1594,-4.7094,-1.4540,-2.8421,-14.4320,-9.0738,-4.6966,-1.4200,-2.8480,L,0.8953
-14.7754,-9.2294,-4.7366,-1.3457,-2.8648,-14.6632,-9.1424,-4.7170,-1.3192,-2.8689,R,0.2826
-15.0130,-9.2940,-4.7616,-1.2360,-2.8876,-14.9430,-9.1342,-4.8212,-1.0051,-2.9361,L,1.5118
-15.2517,-9.3530,-4.7844,-1.1250,-2.9106,-15.1957,-9.2119,-4.8470,-0.9828,-2.9415,R,4.5205
-15.4916,-9.4065,-4.8048,-1.0127,-2.9339,-15.4475,-9.3426,-4.8460,-1.1059,-2.9172,L,5.3505
-15.7324,-9.4543,-4.8228,-0.8992,-2.9573,-15.6948,-9.3661,-4.8760,-0.8784,-2.9634,R,2.0074
-15.9741,-9.4964,-4.8383,-0.7845,-2.9808,-15.9454,-9.4601,-4.8837,-0.9187,-2.9557,L,2.0969
-16.2164,-9.5328,-4.8512,-0.6687,-3.0046,-16.1999,-9.4621,-4.9197,-0.6694,-3.0063,R,2.3356
-16.4594,-9.5633,-4.8616,-0.5520,-3.0285,-16.4522,-9.4521,-4.9471,-0.4480,-3.0513,L,0.4747
-16.7027,-9.5880,-4.8693,-0.4343,-3.0526,-16.6796,-9.4409,-4.9334,-0.2205,-3.0969,R,5.1681
-16.9464,-9.6067,-4.8743,-0.3158,-3.0769,-16.9558,-9.4286,-4.9679,-0.0283,-3.1359,L,1.3097
-17.1903,-9.6195,-4.8765,-0.1965,-3.1013,-17.2030,-9.5008,-4.9737,-0.1497,-3.1115,R,8.0428
-17.4342,-9.6264,-4.8758,-0.0765,-3.1259,-17.4606,-9.5224,-4.9849,-0.0840,-3.1247,L,0.5118
-17.6781,-9.6272,-4.8723,0.0441,3.1325,-17.7183,-9.5087,-4.9881,0.1024,-3.1621,R,1.7035
-17.9216,-9.6219,-4.8659,0.1652,3.1077,-17.9723,-9.4746,-4.9876,0.2869,3.0841,L,0.1782
-18.1648,-9.6106,-4.8565,0.2866,3.0826,-18.2194,-9.4295,-4.9629,0.5251,3.0362,R,0.6092
-18.4074,-9.5933,-4.8441,0.4085,3.0575,-18.4292,-9.4775,-4.9231,0.4524,3.0500,L,2.5306
-18.6493,-9.5698,-4.8286,0.5305,3.0322,-18.6667,-9.4660,-4.9142,0.4932,3.0416,R,1.7091
-18.8904,-9.5402,-4.8101,0.6527,3.0067,-18.9143,-9.4613,-4.9081,0.5443,3.0311,L,0.2617
-19.1305,-9.5045,-4.7885,0.7749,2.9812,-19.1461,-9.4216,-4.8877,0.6472,3.0099,R,3.9819
-19.3694,-9.4626,-4.7638,0.8971,2.9555,-19.3881,-9.2991,-4.8497,0.9695,2.9443,L,2.9295
-19.6069,-9.4147,-4.7359,1.0191,2.9296,-19.6237,-9.2151,-4.7896,1.2177,2.8926,R,1.0072
-19.8431,-9.3607,-4.7049,1.1408,2.9037,-19.8692,-9.0929,-4.7360,1.4867,2.8374,L,1.0710
-20.0775,-9.3006,-4.6707,1.2622,2.8777,-20.1055,-8.9927,-4.6897,1.6542,2.8025,R,4.8852
-20.3102,-9.2345,-4.6333,1.3830,2.8515,-20.2988,-9.1157,-4.6878,1.3118,2.8687,L,15.8391
-20.5409,-9.1623,-4.5927,1.5033,2.8253,-20.5390,-9.0724,-4.6805,1.3388,2.8630,R,1.5293
-20.7696,-9.0841,-4.5490,1.6230,2.7989,-20.7583,-8.9793,-4.6275,1.4960,2.8289,L,0.7426
-20.9959,-8.9999,-4.5020,1.7418,2.7724,-20.9990,-8.8959,-4.5932,1.6307,2.8005,R,2.3139
-21.2198,-8.9099,-4.4519,1.8597,2.7459,-21.1987,-8.8263,-4.5281,1.7111,2.7803,L,1.6965
-21.4412,-8.8139,-4.3986,1.9767,2.7193,-21.4315,-8.7341,-4.4801,1.8512,2.7497,R,1.7929
-21.6597,-8.7122,-4.3422,2.0925,2.6925,-21.6310,-8.7072,-4.4388,1.8160,2.7532,L,2.5666
-21.8754,-8.6047,-4.2827,2.2071,2.6657,-21.8242,-8.5462,-4.2626,2.1864,2.6677,R,6.2492
-22.0881,-8.4914,-4.2201,2.3204,2.6389,-22.0268,-8.4728,-4.2094,2.2310,2.6542,L,0.7158
-22.2975,-8.3726,-4.1544,2.4323,2.6119,-22.2383,-8.3634,-4.1856,2.2828,2.6423,R,2.0776
-22.5035,-8.2482,-4.0856,2.5427,2.5849,-22.4642,-8.2752,-4.1637,2.3268,2.6320,L,1.1011
-22.7061,-8.1183,-4.0139,2.6515,2.5578,-22.6582,-8.1498,-4.0685,2.4719,2.5956,R,0.9817
-22.9049,-7.9830,-3.9392,2.7585,2.5307,-22.8770,-7.9296,-3.9638,2.7575,2.5338,L,4.6293
-23.1000,-7.8424,-3.8616,2.8637,2.5035,-23.0675,-7.7758,-3.8051,2.9728,2.4784,R,3.0075
-23.2911,-7.6966,-3.7812,2.9670,2.4763,-23.2856,-7.6100,-3.7397,3.1099,2.4479,L,2.0157
-23.4781,-7.5457,-3.6979,3.0683,2.4490,-23.4880,-7.4752,-3.7609,3.0878,2.4542,R,2.1684
-23.6609,-7.3898,-3.6119,3.1675,2.4217,-23.6553,-7.3281,-3.6568,3.1774,2.4262,L,0.7381
-23.8393,-7.2290,-3.5232,3.2645,2.3943,-23.8462,-7.1707,-3.6152,3.2350,2.4116,R,0.9372
-24.0132,-7.0634,-3.4319,3.3592,2.3669,-24.0146,-7.0683,-3.5548,3.2258,2.4047,L,2.4831
-24.1825,-6.8931,-3.3380,3.4515,2.3395,-24.1806,-6.8851,-3.4227,3.3743,2.3633,R,1.8758
-24.3470,-6.7182,-3.2417,3.5414,2.3120,-24.3333,-6.6465,-3.2636,3.5791,2.3101,L,2.9307
-24.5066,-6.5390,-3.1429,3.6287,2.2846,-24.5002,-6.4702,-3.1364,3.6925,2.2749,R,3.4191
-24.6612,-6.3554,-3.0418,3.7135,2.2571,-24.6048,-6.3154,-2.9712,3.7490,2.2410,L,5.6161
-24.8107,-6.1676,-2.9385,3.7955,2.2296,-24.7467,-6.1244,-2.8601,3.8326,2.2119,R,0.3184
-24.9550,-5.9759,-2.8330,3.8748,2.2021,-24.9244,-5.9314,-2.8062,3.9043,2.1940,L,2.5600
-25.0940,-5.7802,-2.7254,3.9513,2.1746,-25.0555,-5.7270,-2.6975,3.9824,2.1662,R,1.8492
-25.2276,-5.5808,-2.6158,4.0249,2.1471,-25.1899,-5.5523,-2.6040,4.0196,2.1456,L,0.4788
-25.3556,-5.3778,-2.5043,4.0956,2.1196,-25.3447,-5.3667,-2.6134,4.0161,2.1477,R,1.2444
-25.4779,-5.1713,-2.3911,4.1632,2.0921,-25.4867,-5.1523,-2.5318,4.0909,2.1250,L,0.5082
-25.5946,-4.9615,-2.2761,4.2278,2.0647,-25.6203,-4.9699,-2.5313,4.0730,2.1269,R,6.0985
-25.7055,-4.7486,-2.1596,4.2893,2.0372,-25.7390,-4.7934,-2.4508,4.0881,2.1108,L,0.7346
-25.8105,-4.5327,-2.0415,4.3476,2.0098,-25.8582,-4.5866,-2.3706,4.1360,2.0913,R,0.1140
-25.9096,-4.3139,-1.9220,4.4028,1.9824,-25.9694,-4.3545,-2.2649,4.2172,2.0637,L,0.4564
-26.0027,-4.0925,-1.8012,4.4547,1.9550,-26.0747,-4.1339,-2.0139,4.3486,2.0045,R,11.4473
-26.0897,-3.8686,-1.6793,4.5034,1.9277,-26.1609,-3.8643,-1.8478,4.4680,1.9629,L,2.0753
-26.1706,-3.6423,-1.5562,4.5487,1.9004,-26.2331,-3.6295,-1.5690,4.5774,1.9010,R,3.2280
-26.2453,-3.4138,-1.4322,4.5908,1.8732,-26.2575,-3.3638,-1.3085,4.6704,1.8440,L,4.3780
-26.3138,-3.1833,-1.3073,4.6295,1.8460,-26.3080,-3.1240,-1.0899,4.7283,1.7973,R,0.1876
-26.3760,-2.9510,-1.1816,4.6649,1.8189,-26.3293,-2.8830,-0.8663,4.7662,1.7506,L,1.2708
-26.4319,-2.7170,-1.0553,4.6970,1.7918,-26.3910,-2.6570,-0.7985,4.7704,1.7366,R,1.6942
-26.4815,-2.4814,-0.9284,4.7256,1.7648,-26.4689,-2.4834,-0.7403,4.7268,1.7261,L,5.8877
-26.5247,-2.2446,-0.8011,4.7509,1.7378,-26.5268,-2.2478,-0.7068,4.7350,1.7190,R,1.2336
-26.5616,-2.0065,-0.6734,4.7728,1.7110,-26.5774,-2.0432,-0.6119,4.7197,1.6997,L,1.3907
-26.5921,-1.7674,-0.5456,4.7914,1.6842,-26.6097,-1.8045,-0.5525,4.7279,1.6871,R,1.9911
-26.6161,-1.5275,-0.4176,4.8066,1.6574,-26.6073,-1.5600,-0.3759,4.7468,1.6498,L,1.0856
-26.6338,-1.2869,-0.2895,4.8185,1.6308,-26.6032,-1.3272,-0.1496,4.7532,1.6023,R,1.7076
-26.6451,-1.0459,-0.1616,4.8271,1.6043,-26.6062,-1.0998,-0.0093,4.7445,1.5727,L,0.1036
-26.6500,-0.8044,-0.0339,4.8324,1.5778,-26.6367,-0.8708,0.0441,4.7399,1.5615,R,5.2317
-26.6485,-0.5628,0.0935,4.8344,1.5514,-26.6478,-0.6270,0.1470,4.7479,1.5398,L,0.4610
-26.6406,-0.3212,0.2206,4.8332,1.5252,-26.6340,-0.3872,0.3526,4.7437,1.4966,R,2.2063
-26.6264,-0.0797,0.3471,4.8287,1.4990,-26.5871,-0.1102,0.5498,4.7667,1.4560,L,2.5202
-26.6059,0.1615,0.4730,4.8212,1.4730,-26.5683,0.1270,0.6909,4.7500,1.4264,R,2.7409
-26.5792,0.4022,0.5983,4.8104,1.4471,-26.5447,0.4043,0.8140,4.7760,1.4020,L,1.9197
-26.5462,0.6423,0.7227,4.7967,1.4212,-26.5339,0.6426,0.8209,4.7703,1.4004,R,1.7497
-26.5069,0.8817,0.8463,4.7799,1.3956,-26.5287,0.9154,0.8760,4.7989,1.3902,L,3.3016
-26.4616,1.1201,0.9690,4.7601,1.3700,-26.4913,1.1691,0.8760,4.8081,1.3906,R,6.8038
-26.4101,1.3575,1.0905,4.7374,1.3445,-26.4375,1.4112,0.9942,4.7882,1.3661,L,0.0866
-26.3526,1.5936,1.2110,4.7118,1.3192,-26.3971,1.6350,1.0475,4.7574,1.3541,R,7.8918
-26.2891,1.8284,1.3302,4.6834,1.2941,-26.3448,1.8570,1.1417,4.7185,1.3334,L,0.2354
-26.2197,2.0617,1.4481,4.6524,1.2690,-26.2743,2.0873,1.3081,4.6740,1.2979,R,0.4265
-26.1444,2.2934,1.5647,4.6186,1.2442,-26.2130,2.2942,1.4029,4.6160,1.2757,L,0.7305
-26.0633,2.5234,1.6798,4.5822,1.2194,-26.1494,2.5249,1.4422,4.6000,1.2670,R,0.5044
-25.9765,2.7514,1.7934,4.5433,1.1948,-26.0735,2.7641,1.5396,4.5802,1.2465,L,0.1058
-25.8841,2.9775,1.9054,4.5020,1.1704,-25.9756,2.9847,1.7903,4.4920,1.1915,R,3.2145
-25.7861,3.2014,2.0158,4.4583,1.1462,-25.8764,3.2488,1.9149,4.4898,1.1677,L,1.7049
-25.6826,3.4231,2.1245,4.4123,1.1221,-25.7938,3.4763,2.0091,4.4502,1.1467,R,2.1136
-25.5737,3.6424,2.2315,4.3640,1.0981,-25.6865,3.6851,2.1302,4.3803,1.1182,L,0.1598
-25.4596,3.8592,2.3366,4.3137,1.0744,-25.5695,3.8938,2.2710,4.3025,1.0851,R,1.0990
-25.3402,4.0735,2.4399,4.2612,1.0508,-25.4993,4.0879,2.3081,4.2433,1.0726,L,3.7096
-25.2157,4.2851,2.5413,4.2069,1.0274,-25.3758,4.2922,2.4307,4.1695,1.0430,R,0.6076
-25.0863,4.4940,2.6407,4.1506,1.0042,-25.2159,4.5031,2.5979,4.0877,1.0047,L,2.0225
-24.9518,4.7000,2.7382,4.0925,0.9811,-25.0660,4.7020,2.6692,4.0367,0.9866,R,9.0515
-24.8126,4.9030,2.8336,4.0327,0.9583,-24.9466,4.8994,2.7413,3.9769,0.9673,L,0.4337
-24.6686,5.1030,2.9270,3.9713,0.9356,-24.7903,5.0908,2.8585,3.8945,0.9376,R,2.3200
-24.5201,5.2999,3.0183,3.9084,0.9132,-24.6240,5.2966,2.9838,3.8278,0.9087,L,0.9251
-24.3670,5.4937,3.1075,3.8440,0.8909,-24.4518,5.4712,3.1755,3.6742,0.8581,R,0.8423
-24.2095,5.6841,3.1946,3.7783,0.8689,-24.2637,5.6425,3.3202,3.5490,0.8187,L,1.2041
-24.0477,5.8713,3.2796,3.7113,0.8471,-24.0977,5.8050,3.4470,3.4133,0.7805,R,3.0479
-23.8818,6.0551,3.3624,3.6431,0.8254,-23.9216,5.9666,3.5512,3.2973,0.7483,L,0.0318
-23.7117,6.2354,3.4430,3.5738,0.8040,-23.7785,6.1631,3.4443,3.3899,0.7774,R,4.9589
-23.5377,6.4123,3.5215,3.5036,0.7828,-23.6105,6.3223,3.5134,3.3024,0.7545,L,0.1240
-23.3598,6.5856,3.5978,3.4324,0.7619,-23.4601,6.5045,3.4917,3.3154,0.7595,R,1.5948
-23.1781,6.7553,3.6718,3.3604,0.7411,-23.2454,6.7087,3.5981,3.2887,0.7405,L,4.1859
-22.9928,6.9215,3.7438,3.2877,0.7206,-23.0474,6.8528,3.6785,3.1876,0.7140,R,5.4778
-22.8040,7.0839,3.8135,3.2143,0.7003,-22.8387,7.0207,3.7697,3.1178,0.6910,L,1.1108
-22.6117,7.2427,3.8811,3.1404,0.6803,-22.6253,7.1519,3.9073,2.9485,0.6464,R,1.7661
-22.4161,7.3978,3.9465,3.0660,0.6605,-22.4403,7.3017,3.9545,2.8776,0.6290,L,0.2522
-22.2173,7.5492,4.0097,2.9912,0.6409,-22.2123,7.4177,4.1477,2.6217,0.5637,R,2.7615
-22.0154,7.6968,4.0709,2.9161,0.6216,-22.0317,7.5810,4.1747,2.5920,0.5556,L,2.1391
-21.8105,7.8406,4.1299,2.8407,0.6025,-21.8491,7.7534,4.1277,2.6671,0.5737,R,5.6891
-21.6026,7.9807,4.1868,2.7653,0.5837,-21.6426,7.8976,4.1782,2.6046,0.5574,L,0.1060
-21.3920,8.1170,4.2417,2.6897,0.5651,-21.4501,8.0357,4.1890,2.5694,0.5502,R,1.4704
-21.1787,8.2496,4.2945,2.6142,0.5468,-21.2169,8.0833,4.2860,2.3223,0.4966,L,4.5825
-20.9628,8.3783,4.3453,2.5387,0.5288,-21.0243,8.2481,4.2089,2.4571,0.5284,R,5.7735
-20.7444,8.5033,4.3941,2.4634,0.5110,-20.8472,8.4034,4.1921,2.4784,0.5339,L,2.8367
-20.5237,8.6246,4.4409,2.3883,0.4934,-20.6067,8.5045,4.3292,2.2772,0.4842,R,4.8456
-20.3006,8.7421,4.4858,2.3136,0.4762,-20.3640,8.6340,4.3976,2.2172,0.4670,L,1.4065
-20.0753,8.8558,4.5288,2.2392,0.4592,-20.1629,8.7722,4.3527,2.2859,0.4836,R,1.3108
-19.8480,8.9659,4.5700,2.1652,0.4425,-19.9616,8.8803,4.3648,2.2247,0.4714,L,0.5459
-19.6186,9.0723,4.6094,2.0918,0.4260,-19.7578,9.0084,4.3324,2.2678,0.4822,R,0.8749
-19.3873,9.1750,4.6469,2.0189,0.4099,-19.5338,9.0837,4.3755,2.1443,0.4557,L,0.9161
-19.1542,9.2741,4.6828,1.9467,0.3940,-19.2945,9.1852,4.4559,2.0237,0.4263,R,4.5908
-18.9193,9.3696,4.7169,1.8751,0.3784,-19.0162,9.2651,4.5535,1.8903,0.3935,L,6.1922
-18.6827,9.4615,4.7494,1.8043,0.3631,-18.7959,9.3509,4.5860,1.7878,0.3717,R,1.7087
-18.4446,9.5500,4.7803,1.7343,0.3480,-18.5458,9.4470,4.6370,1.7196,0.3551,L,0.7964
-18.2049,9.6349,4.8096,1.6651,0.3333,-18.2818,9.4683,4.7625,1.3693,0.2800,R,5.9644
-17.9639,9.7164,4.8374,1.5969,0.3189,-18.0027,9.5840,4.8370,1.3446,0.2711,L,3.9377
-17.7214,9.7946,4.8637,1.5296,0.3047,-17.7601,9.6742,4.8279,1.3799,0.2784,R,3.0257
-17.4777,9.8694,4.8886,1.4634,0.2909,-17.4916,9.7788,4.8786,1.3642,0.2727,L,1.7877
-17.2328,9.9409,4.9120,1.3982,0.2773,-17.2469,9.8498,4.9067,1.2786,0.2549,R,0.5114
-16.9868,10.0091,4.9342,1.3341,0.2641,-16.9809,9.9725,4.9456,1.3219,0.2612,L,2.2612
-16.7396,10.0743,4.9551,1.2711,0.2511,-16.7293,10.0334,4.9741,1.2262,0.2417,R,0.1306
-16.4915,10.1362,4.9747,1.2094,0.2385,-16.4809,10.1464,4.9885,1.2668,0.2487,L,1.6185
-16.2424,10.1952,4.9931,1.1488,0.2261,-16.2280,10.2074,5.0212,1.1616,0.2273,R,0.6638
-15.9924,10.2511,5.0104,1.0896,0.2141,-15.9828,10.2431,5.0330,1.0394,0.2037,L,0.2368
-15.7416,10.3041,5.0266,1.0316,0.2024,-15.7355,10.3087,5.0319,1.0310,0.2021,R,0.2485
-15.4899,10.3543,5.0417,0.9750,0.1910,-15.5005,10.3143,5.0283,0.8651,0.1704,L,1.1905
-15.2376,10.4016,5.0558,0.9197,0.1799,-15.2164,10.3220,5.1042,0.5855,0.1142,R,8.0010
-14.9846,10.4462,5.0689,0.8658,0.1692,-14.9541,10.3802,5.1270,0.5495,0.1068,L,0.5240
-14.7309,10.4882,5.0811,0.8134,0.1587,-14.7050,10.4252,5.0940,0.6413,0.1252,R,6.5935
-14.4766,10.5276,5.0924,0.7624,0.1486,-14.4518,10.3979,5.0950,0.4361,0.0854,L,1.9052
-14.2218,10.5645,5.1029,0.7129,0.1388,-14.1916,10.4247,5.1032,0.3914,0.0765,R,0.6519
-13.9665,10.5989,5.1126,0.6649,0.1293,-13.9000,10.5725,5.1583,0.6134,0.1184,L,8.6215
-13.7107,10.6310,5.1216,0.6185,0.1202,-13.6419,10.6403,5.1395,0.7479,0.1445,R,1.6481
-13.4545,10.6608,5.1298,0.5736,0.1114,-13.3851,10.6468,5.1448,0.6437,0.1245,L,0.5677
-13.1979,10.6884,5.1374,0.5303,0.1029,-13.1224,10.6690,5.1630,0.5492,0.1060,R,0.3764
-12.9409,10.7138,5.1444,0.4886,0.0947,-12.8676,10.7684,5.1661,0.6694,0.1289,L,3.7605
-12.6836,10.7373,5.1507,0.4485,0.0868,-12.6035,10.8178,5.1744,0.6815,0.1310,R,1.3026
-12.4260,10.7587,5.1565,0.4100,0.0793,-12.3573,10.7930,5.1639,0.5230,0.1009,L,1.9938
-12.1681,10.7783,5.1618,0.3732,0.0722,-12.0974,10.8330,5.1623,0.5557,0.1072,R,0.3654
-11.9100,10.7961,5.1666,0.3380,0.0653,-11.8490,10.9008,5.1566,0.6165,0.1190,L,1.7335
-11.6516,10.8121,5.1709,0.3045,0.0588,-11.5743,10.9172,5.1827,0.5322,0.1023,R,2.8791
-11.3930,10.8265,5.1748,0.2728,0.0527,-11.3368,10.9378,5.1626,0.4931,0.0952,L,0.7311
-11.1342,10.8394,5.1784,0.2427,0.0468,-11.0734,10.8605,5.1907,-0.0354,-0.0068,R,9.8294
-10.8753,10.8509,5.1815,0.2143,0.0413,-10.7871,10.8256,5.2079,-0.2001,-0.0384,L,2.8756
-10.6161,10.8609,5.1844,0.1877,0.0362,-10.5318,10.8228,5.1997,-0.2499,-0.0480,R,0.2281
-10.3569,10.8697,5.1869,0.1628,0.0314,-10.2920,10.8174,5.1769,-0.3177,-0.0613,L,0.9407
-10.0976,10.8772,5.1891,0.1396,0.0269,-10.0361,10.8839,5.1713,-0.0005,-0.0001,R,7.0626
-9.8381,10.8837,5.1911,0.1182,0.0228,-9.7777,10.9301,5.1793,0.0669,0.0129,L,1.8376
-9.5785,10.8891,5.1928,0.0986,0.0190,-9.5370,10.9156,5.1568,0.0038,0.0007,R,4.1011
-9.3189,10.8936,5.1943,0.0807,0.0155,-9.2790,10.9401,5.1614,0.0252,0.0049,L,0.5374
-9.0592,10.8972,5.1956,0.0646,0.0124,-9.0265,10.9238,5.1505,-0.0172,-0.0033,R,2.7223
-8.7994,10.9001,5.1967,0.0502,0.0097,-8.7667,10.9531,5.1581,0.0211,0.0041,L,0.7945
-8.5395,10.9023,5.1976,0.0377,0.0073,-8.5188,10.9127,5.1409,-0.0965,-0.0188,R,6.7051
-8.2797,10.9039,5.1984,0.0269,0.0052,-8.3294,10.8423,5.0528,-0.2602,-0.0514,L,6.6831
-8.0197,10.9050,5.1990,0.0180,0.0035,-8.0730,10.8599,5.0592,-0.1702,-0.0336,R,1.1568
-7.7598,10.9057,5.1994,0.0108,0.0021,-7.7656,10.8925,5.1257,-0.1064,-0.0208,L,4.0028
-7.4998,10.9061,5.1997,0.0054,0.0010,-7.5018,10.8939,5.1309,-0.0480,-0.0094,R,1.7363
-7.2398,10.9063,5.1999,0.0018,0.0003,-7.2335,10.8793,5.1420,-0.0817,-0.0159,L,0.5240
